"","text","n"
"1","shrivenham live stream",3
"2","47 civil servants",2
"3","defence academy shrivenham",2
"4","fast stream course",2
"5","online reading town",2
"6","shrivenham fa cup",2
"7","shrivenham fa cup live stream",2
"8","the civil servant",2
"9","a few months",1
"10","a learning exercise",1
"11","a small brick bridge",1
"12","fast stream trainees",1
"13","old shrivenham rd river cole",1
"14","shrivenham soccer live stream",1
"15","the civil service fast stream course",1
"16","the enormous contribution",1
"17","the great western mainline",1
"18","the river cole",1
"19","town  shrivenham fa cup live stream",1
"20","town  shrivenham live stream",1
