"","Topic 1","Topic 2","Topic 3","Topic 4","Topic 5","Topic 6","Topic 7","Topic 8","Topic 9","Topic 10","Topic 11","Topic 12","Topic 13","Topic 14","Topic 15","Topic 16","Topic 17","Topic 18","Topic 19","Topic 20"
"1","time","river","river","water","river","cut","take","park","mill","river","river","river","thame","new","river","canal","river","one","brook","river"
"2","like","london","use","virginia","flood","last","citi","look","pond","just","blackwat","lee","work","love","get","walk","just","bridg","lake","beauti"
"3","across","day","eye","west","alert","will","key","eye","saw","view","today","black","like","like","year","along","medway","ray","lee","london"
"4","see","want","flood","life","london","fish","canal","ash","lee","wye","got","trust","littl","cut","warn","regent","stream","cole","news","someth"
"5","bay","continu","street","kennet","cut","tree","read","black","exit","show","first","use","project","meet","near","bridg","end","need","tomorrow","citi"
"6","open","ill","coal","via","now","money","report","famili","clear","flow","someon","year","old","whenev","share","avon","also","crane","dog","day"
"7","new","event","record","drink","come","poison","kennet","line","bank","thame","next","valley","never","stream","lock","lee","dont","photo","eden","still"
"8","loddon","can","better","lee","right","cant","now","boat","thame","pond","lee","look","dan","obstacl","south","area","back","across","holi","visit"
"9","town","join","rock","see","fort","caught","cross","wey","parkway","incid","sunshin","brook","crane","path","plan","man","island","white","unit","pub"
"10","near","heron","bill","think","key","eat","union","remov","road","made","manag","float","anoth","great","live","high","time","trip","win","ladi"
