"","X","text","n"
"1",1,"the grand union canal",678
"2",2,"the paddington arm",297
"3",3,"grand union canal",222
"4",4,"the regents canal",181
"5",5,"only floating bookshop",116
"6",6,"the slough arm",111
"7",7,"latest canal bridge",103
"8",8,"a permanent mooring",78
"9",9,"slough canal festival",68
"10",10,"the paddington canal",53
"11",11,"canal and river trust",50
"12",12,"the hanwell flight",48
"13",13,"a canal boat",47
"14",14,"the slough canal festival",44
"15",15,"the canal festival",43
"16",16,"regents canal paddington",40
"17",17,"grand union canalslough",38
"18",18,"grand union canal paddington",33
"19",19,"the paddington branch",33
"20",20,"the grand union",32
"21",21,"christmas 2018 gift guide ideas",30
"22",22,"paddington sequel fur",29
"23",23,"the regents canal paddington",27
"24",24,"some more images",26
"25",25,"the paddington basin",23
